{"train_algo/batch":8300,"train_algo/count_group:0":669,"train_algo/loss_group:0":0.07338563352823257,"train_algo/acc_group:3":0.2857142984867096,"train_algo/acc_avg":0.9100000000000001,"train_algo/count_group:1":17,"_runtime":8552,"train_algo/count_group:2":107,"_timestamp":1.777313674054402e+09,"_step":165,"train_algo/acc_group:1":0.8823529481887817,"train_algo/objective":0.23166181083768608,"_wandb":{"runtime":8552},"train_algo/count":800,"train_algo/loss_avg":0.23166181083768608,"train_algo/acc_group:2":0.5794392228126526,"train_algo/count_group:3":7,"train_algo/loss_group:1":0.2941562533378601,"train_algo/loss_group:2":1.1460063457489014,"train_algo/epoch":0,"train_algo/acc_group:0":0.9701045751571655,"train_algo/loss_group:3":1.230163335800171}